{
	"credit": "Made with Blockbench",
	"parent": "minecraft:item/generated",
	"textures": {
		"layer0": "custom/ticket"
	},
	"display": {
		"thirdperson_righthand": {
			"translation": [0, 1, 0.25],
			"scale": [0.25, 0.25, 0.25]
		},
		"thirdperson_lefthand": {
			"translation": [0, 1, 0.25],
			"scale": [0.25, 0.25, 0.25]
		},
		"firstperson_righthand": {
			"translation": [0, 1.25, 0],
			"scale": [0.5, 0.5, 0.5]
		},
		"firstperson_lefthand": {
			"translation": [0, 1.25, 0],
			"scale": [0.5, 0.5, 0.5]
		},
		"ground": {
			"scale": [0.5, 0.5, 0.5]
		},
		"gui": {
			"translation": [0.5, 0.25, 0]
		},
		"head": {
			"translation": [0.5, 0, 0]
		},
		"fixed": {
			"translation": [0.25, 0.5, 0]
		}
	}
}