{
	"credit": "Made with Blockbench",
	"parent": "minecraft:block/orientable",
	"texture_size": [32, 32],
	"textures": {
		"3": "entity/horse/horse_black",
		"particle": "entity/horse/horse_black"
	},
	"elements": [
		{
			"from": [12, 14, -4.5],
			"to": [18, 19, 2.5],
			"rotation": {"angle": -45, "axis": "x", "origin": [-18.5, 5.5, 5.5]},
			"faces": {
				"north": {"uv": [1.75, 5, 3.25, 6.25], "texture": "#3"},
				"east": {"uv": [0, 5, 1.75, 6.25], "texture": "#3"},
				"south": {"uv": [1.75, 10.5, 2.75, 13.5], "texture": "#3"},
				"west": {"uv": [3.25, 5, 5, 6.25], "texture": "#3"},
				"up": {"uv": [1.75, 3.25, 3.25, 5], "texture": "#3"},
				"down": {"uv": [3.25, 3.25, 4.75, 5], "texture": "#3"}
			}
		},
		{
			"from": [13, 2.29289, -13.47056],
			"to": [17, 7.29289, -8.47056],
			"rotation": {"angle": 45, "axis": "x", "origin": [15, 4.79289, -11.47056]},
			"faces": {
				"north": {"uv": [1.25, 6.25, 2.25, 7.5], "texture": "#3", "cullface": "north"},
				"east": {"uv": [0, 7.5, 1.25, 8.75], "rotation": 90, "texture": "#3"},
				"south": {"uv": [2.25, 6.25, 3.25, 7.5], "rotation": 180, "texture": "#3"},
				"west": {"uv": [2.25, 7.5, 3.5, 8.75], "rotation": 270, "texture": "#3"},
				"up": {"uv": [1.25, 7.5, 2.25, 8.75], "texture": "#3"},
				"down": {"uv": [1.25, 7.5, 2.25, 8.75], "rotation": 180, "texture": "#3"}
			}
		},
		{
			"from": [13, -4.5, -3],
			"to": [17, 2.5, 5],
			"rotation": {"angle": 45, "axis": "x", "origin": [14.5, 5.5, 5.5]},
			"faces": {
				"north": {"uv": [2.75, 8.75, 3.75, 10.5], "rotation": 180, "texture": "#3"},
				"east": {"uv": [2.75, 10.5, 5, 13.5], "rotation": 270, "texture": "#3"},
				"south": {"uv": [1.75, 8.75, 2.75, 10.5], "texture": "#3"},
				"west": {"uv": [0, 10.5, 1.75, 13.5], "rotation": 90, "texture": "#3"},
				"up": {"uv": [4.5, 10.5, 5.5, 13.5], "rotation": 180, "texture": "#3"},
				"down": {"uv": [1.75, 10.5, 2.75, 13.5], "texture": "#3"}
			}
		},
		{
			"from": [14, 2.5, -8],
			"to": [16, 4.5, 6],
			"rotation": {"angle": 45, "axis": "x", "origin": [14.5, 5.5, 5.5]},
			"faces": {
				"north": {"uv": [14.5, 9, 15, 9.5], "rotation": 180, "texture": "#3"},
				"east": {"uv": [15, 9.5, 15.5, 13.25], "rotation": 270, "texture": "#3"},
				"south": {"uv": [15, 9, 15.5, 9.5], "texture": "#3"},
				"west": {"uv": [14.5, 9.5, 15, 13.5], "rotation": 90, "texture": "#3"},
				"up": {"uv": [15.5, 9.5, 16, 13.5], "rotation": 180, "texture": "#3"},
				"down": {"uv": [14, 9.5, 14.5, 13.5], "texture": "#3"}
			}
		},
		{
			"from": [13.5, -9.1, 17.53122],
			"to": [16.5, 4.9, 21.53122],
			"rotation": {"angle": -22.5, "axis": "x", "origin": [15, -1.21751, 23.53122]},
			"faces": {
				"north": {"uv": [11.5, 10, 12.25, 13.5], "texture": "#3"},
				"east": {"uv": [10.5, 10, 11.5, 13.5], "texture": "#3"},
				"south": {"uv": [13.25, 10, 14, 13.5], "texture": "#3"},
				"west": {"uv": [12.25, 10, 13.25, 13.5], "texture": "#3"},
				"up": {"uv": [11.5, 9, 12.25, 10], "texture": "#3"},
				"down": {"uv": [0, 0, 0.5, 0.5], "texture": "#3"}
			}
		},
		{
			"from": [10, -5, -3],
			"to": [20, 5, 19],
			"rotation": {"angle": 0, "axis": "y", "origin": [-2, -3, 0]},
			"faces": {
				"north": {"uv": [5.5, 13.5, 8, 16], "texture": "#3"},
				"east": {"uv": [0, 13.5, 5.5, 16], "texture": "#3"},
				"south": {"uv": [13.5, 13.5, 16, 16], "texture": "#3"},
				"west": {"uv": [8, 13.5, 13.5, 16], "texture": "#3"},
				"up": {"uv": [5.5, 8, 8, 13.5], "texture": "#3"},
				"down": {"uv": [8, 8, 10.5, 13.5], "texture": "#3"}
			}
		},
		{
			"from": [10, -16, 15],
			"to": [14, -5, 19],
			"rotation": {"angle": 0, "axis": "y", "origin": [-2, -3, 0]},
			"faces": {
				"north": {"uv": [13, 6.25, 14, 9], "texture": "#3"},
				"east": {"uv": [12, 6.25, 13, 9], "texture": "#3"},
				"south": {"uv": [15, 6.25, 16, 9], "texture": "#3"},
				"west": {"uv": [14, 6.25, 15, 9], "texture": "#3"},
				"up": {"uv": [13, 5.25, 14, 6.25], "texture": "#3"},
				"down": {"uv": [14, 5.25, 15, 6.25], "texture": "#3"}
			}
		},
		{
			"from": [16, -16, 15],
			"to": [20, -5, 19],
			"rotation": {"angle": 0, "axis": "y", "origin": [-2, -3, 0]},
			"faces": {
				"north": {"uv": [13, 6.25, 14, 9], "texture": "#3"},
				"east": {"uv": [12, 6.25, 13, 9], "texture": "#3"},
				"south": {"uv": [15, 6.25, 16, 9], "texture": "#3"},
				"west": {"uv": [14, 6.25, 15, 9], "texture": "#3"},
				"up": {"uv": [13, 5.25, 14, 6.25], "texture": "#3"},
				"down": {"uv": [14, 5.25, 15, 6.25], "texture": "#3"}
			}
		},
		{
			"from": [16, -16, -3],
			"to": [20, -5, 1],
			"rotation": {"angle": 0, "axis": "y", "origin": [-2, -3, 0]},
			"faces": {
				"north": {"uv": [13, 6.25, 14, 9], "texture": "#3"},
				"east": {"uv": [12, 6.25, 13, 9], "texture": "#3"},
				"south": {"uv": [15, 6.25, 16, 9], "texture": "#3"},
				"west": {"uv": [14, 6.25, 15, 9], "texture": "#3"},
				"up": {"uv": [13, 5.25, 14, 6.25], "texture": "#3"},
				"down": {"uv": [14, 5.25, 15, 6.25], "texture": "#3"}
			}
		},
		{
			"from": [10, -16, -3],
			"to": [14, -5, 1],
			"rotation": {"angle": 0, "axis": "y", "origin": [-2, -3, 0]},
			"faces": {
				"north": {"uv": [13, 6.25, 14, 9], "texture": "#3"},
				"east": {"uv": [12, 6.25, 13, 9], "texture": "#3"},
				"south": {"uv": [15, 6.25, 16, 9], "texture": "#3"},
				"west": {"uv": [14, 6.25, 15, 9], "texture": "#3"},
				"up": {"uv": [13, 5.25, 14, 6.25], "texture": "#3"},
				"down": {"uv": [14, 5.25, 15, 6.25], "texture": "#3"}
			}
		}
	],
	"display": {
		"thirdperson_righthand": {
			"rotation": [75, 45, 0],
			"translation": [0, 2.5, 0],
			"scale": [0.375, 0.375, 0.375]
		},
		"thirdperson_lefthand": {
			"rotation": [67.5, 0, 0],
			"translation": [-1.25, -3.25, 5],
			"scale": [0.69, 0.69, 0.69]
		},
		"firstperson_righthand": {
			"rotation": [0, 135, 0],
			"scale": [0.4, 0.4, 0.4]
		},
		"firstperson_lefthand": {
			"rotation": [0, 225, 0],
			"scale": [0.4, 0.4, 0.4]
		},
		"ground": {
			"translation": [0, 3, 0],
			"scale": [0.25, 0.25, 0.25]
		},
		"gui": {
			"rotation": [30, 225, 0],
			"translation": [1.5, 0.75, 0],
			"scale": [0.3, 0.3, 0.3]
		},
		"head": {
			"translation": [-8, -18, -1.25],
			"scale": [1.15, 1.15, 1.15]
		},
		"fixed": {
			"rotation": [0, -90, 0],
			"translation": [-0.25, 0, -5.5],
			"scale": [0.4, 0.4, 0.4]
		}
	},
	"groups": [
		{
			"name": "pumpkin",
			"origin": [8, 8, 8],
			"color": 0,
			"children": []
		},
		{
			"name": "horse",
			"origin": [16.5, 8.5, 5.5],
			"color": 0,
			"children": [
				{
					"name": "mane",
					"origin": [16.5, 8.5, 5.5],
					"color": 0,
					"children": [0, 1, 2, 3]
				},
				{
					"name": "torso",
					"origin": [17, 1.78249, 23.53122],
					"color": 0,
					"children": [4, 5]
				},
				{
					"name": "legs",
					"origin": [0, 0, 0],
					"color": 0,
					"children": [6, 7, 8, 9]
				}
			]
		}
	]
}